{"top_left": [25.758326, -80.373864], "bottom_right": [25.757905, -80.373446], "rows": 4, "cols": 4, "waypoints": [[25.758273375, -80.37381175], [25.758168125, -80.37370725], [25.75811597635775, -80.37360365935905], [25.758062875, -80.37360275], [25.757957625, -80.37349825]], "fountains": [[25.758008, -80.373836], [25.758075, -80.37365], [25.758046, -80.373424], [25.757934, -80.373405]], "obstacle_radius": 3.0, "blocked_cells": []}